monat,mean
01,2.8641128986175115
02,3.876915585858586
03,7.36065668202765
04,10.678463714285714
05,15.244362036290322
06,18.480910041841003
07,20.75114227125506
08,20.284714935779817
09,16.944651693069307
10,12.61333566995074
11,7.3981435643564355
12,5.09624702
